Number;Url;"Date upload";Shown;"Date showing"
1;https://ok.ru/profile/308157071;"2017.01.27 20:36:53";+;"2017.01.27 20:50:54"
2;https://ok.ru/profile/366024892;"2017.01.27 20:36:53";+;"2017.01.27 20:50:54"
3;https://ok.ru/profile/632982886;"2017.01.27 20:36:53";+;"2017.01.27 20:50:54"
4;https://ok.ru/profile/659371677;"2017.01.27 20:36:53";+;"2017.01.27 20:50:54"
5;https://ok.ru/profile/762828970;"2017.01.27 20:36:53";+;"2017.01.27 20:50:54"
6;https://ok.ru/profile/860402234;"2017.01.27 20:36:53";+;"2017.01.27 20:50:54"
7;https://ok.ru/profile/6012031107;"2017.01.27 20:36:53";+;"2017.01.27 20:50:54"
8;https://ok.ru/profile/15508881827;"2017.01.27 20:36:53";+;"2017.01.27 20:50:54"
9;https://ok.ru/profile/16933905363;"2017.01.27 20:36:53";+;"2017.01.27 20:50:54"
10;https://ok.ru/profile/19503912770;"2017.01.27 20:36:53";+;"2017.01.27 20:50:54"
11;https://ok.ru/profile/34517043335;"2017.01.27 20:36:53";+;"2017.01.27 21:08:26"
12;https://ok.ru/profile/43819824074;"2017.01.27 20:36:53";+;"2017.01.27 21:08:26"
13;https://ok.ru/profile/77744009709;"2017.01.27 20:36:53";+;"2017.01.27 21:08:26"
14;https://ok.ru/profile/80419137753;"2017.01.27 20:36:53";+;"2017.01.27 21:08:26"
15;https://ok.ru/profile/82042064619;"2017.01.27 20:36:53";+;"2017.01.27 21:08:26"
16;https://ok.ru/profile/90752341980;"2017.01.27 20:36:53";+;"2017.01.27 21:08:26"
17;https://ok.ru/profile/92047410349;"2017.01.27 20:36:53";+;"2017.01.27 21:08:26"
18;https://ok.ru/profile/97088068363;"2017.01.27 20:36:53";+;"2017.01.27 21:08:26"
19;https://ok.ru/profile/97795655447;"2017.01.27 20:36:53";+;"2017.01.27 21:08:26"
20;https://ok.ru/profile/98624059287;"2017.01.27 20:36:53";+;"2017.01.27 21:08:26"
21;https://ok.ru/profile/100123997052;"2017.01.27 20:36:53";-;
22;https://ok.ru/profile/100721330647;"2017.01.27 20:36:53";-;
23;https://ok.ru/profile/103016299525;"2017.01.27 20:36:53";-;
24;https://ok.ru/profile/104478642939;"2017.01.27 20:36:53";-;
25;https://ok.ru/profile/106010868913;"2017.01.27 20:36:53";-;
26;https://ok.ru/profile/106358663544;"2017.01.27 20:36:53";-;
27;https://ok.ru/profile/111645093319;"2017.01.27 20:36:53";-;
28;https://ok.ru/profile/111819586261;"2017.01.27 20:36:53";-;
29;https://ok.ru/profile/111995441964;"2017.01.27 20:36:53";-;
30;https://ok.ru/profile/112226065447;"2017.01.27 20:36:53";-;
31;https://ok.ru/profile/113525746331;"2017.01.27 20:36:53";-;
32;https://ok.ru/profile/115348205527;"2017.01.27 20:36:53";-;
33;https://ok.ru/profile/116043777528;"2017.01.27 20:36:53";-;
34;https://ok.ru/profile/117815070389;"2017.01.27 20:36:53";-;
35;https://ok.ru/profile/118073537590;"2017.01.27 20:36:53";-;
36;https://ok.ru/profile/118447163470;"2017.01.27 20:36:53";-;
37;https://ok.ru/profile/119713665324;"2017.01.27 20:36:53";-;
38;https://ok.ru/profile/120399244238;"2017.01.27 20:36:53";-;
39;https://ok.ru/profile/124046948027;"2017.01.27 20:36:53";-;
40;https://ok.ru/profile/124049194803;"2017.01.27 20:36:53";-;
41;https://ok.ru/profile/126926077140;"2017.01.27 20:36:53";-;
42;https://ok.ru/profile/128178814056;"2017.01.27 20:36:53";-;
43;https://ok.ru/profile/128848444091;"2017.01.27 20:36:53";-;
44;https://ok.ru/profile/133814215211;"2017.01.27 20:36:53";-;
45;https://ok.ru/profile/133895194090;"2017.01.27 20:36:53";-;
46;https://ok.ru/profile/137408307051;"2017.01.27 20:36:53";-;
47;https://ok.ru/profile/138185165273;"2017.01.27 20:36:53";-;
48;https://ok.ru/profile/140798462777;"2017.01.27 20:36:53";-;
49;https://ok.ru/profile/143017354221;"2017.01.27 20:36:53";-;
50;https://ok.ru/profile/143052909257;"2017.01.27 20:36:53";-;
51;https://ok.ru/profile/143899254002;"2017.01.27 20:36:53";-;
52;https://ok.ru/profile/144585641332;"2017.01.27 20:36:53";-;
53;https://ok.ru/profile/145853965780;"2017.01.27 20:36:53";-;
54;https://ok.ru/profile/146021187458;"2017.01.27 20:36:53";-;
55;https://ok.ru/profile/146388720896;"2017.01.27 20:36:53";-;
56;https://ok.ru/profile/146604169083;"2017.01.27 20:36:53";-;
57;https://ok.ru/profile/157606766504;"2017.01.27 20:36:53";-;
58;https://ok.ru/profile/158560383399;"2017.01.27 20:36:53";-;
59;https://ok.ru/profile/158648181186;"2017.01.27 20:36:53";-;
60;https://ok.ru/profile/162994535395;"2017.01.27 20:36:53";-;
61;https://ok.ru/profile/163641060156;"2017.01.27 20:36:53";-;
62;https://ok.ru/profile/167934986400;"2017.01.27 20:36:53";-;
63;https://ok.ru/profile/169186019722;"2017.01.27 20:36:53";-;
64;https://ok.ru/profile/174659951332;"2017.01.27 20:36:53";-;
65;https://ok.ru/profile/175444705210;"2017.01.27 20:36:53";-;
66;https://ok.ru/profile/176788003729;"2017.01.27 20:36:53";-;
67;https://ok.ru/profile/178718511093;"2017.01.27 20:36:53";-;
68;https://ok.ru/profile/180840790862;"2017.01.27 20:36:53";-;
69;https://ok.ru/profile/181738057527;"2017.01.27 20:36:53";-;
70;https://ok.ru/profile/184706676215;"2017.01.27 20:36:53";-;
71;https://ok.ru/profile/185647286292;"2017.01.27 20:36:53";-;
72;https://ok.ru/profile/190296409683;"2017.01.27 20:36:53";-;
73;https://ok.ru/profile/190725832171;"2017.01.27 20:36:53";-;
74;https://ok.ru/profile/191202253957;"2017.01.27 20:36:53";-;
75;https://ok.ru/profile/191776631923;"2017.01.27 20:36:53";-;
76;https://ok.ru/profile/192258247474;"2017.01.27 20:36:53";-;
77;https://ok.ru/profile/195828073519;"2017.01.27 20:36:53";-;
78;https://ok.ru/profile/199551109593;"2017.01.27 20:36:53";-;
79;https://ok.ru/profile/206084938882;"2017.01.27 20:36:53";-;
80;https://ok.ru/profile/210572542666;"2017.01.27 20:36:53";-;
81;https://ok.ru/profile/223139595780;"2017.01.27 20:36:53";-;
82;https://ok.ru/profile/225320730634;"2017.01.27 20:36:53";-;
83;https://ok.ru/profile/228317757105;"2017.01.27 20:36:53";-;
84;https://ok.ru/profile/237260070493;"2017.01.27 20:36:53";-;
85;https://ok.ru/profile/244588378192;"2017.01.27 20:36:53";-;
86;https://ok.ru/profile/246248310182;"2017.01.27 20:36:53";-;
87;https://ok.ru/profile/246861676841;"2017.01.27 20:36:53";-;
88;https://ok.ru/profile/251090283976;"2017.01.27 20:36:53";-;
89;https://ok.ru/profile/256965573431;"2017.01.27 20:36:53";-;
90;https://ok.ru/profile/257166721618;"2017.01.27 20:36:53";-;
91;https://ok.ru/profile/260332852730;"2017.01.27 20:36:53";-;
92;https://ok.ru/profile/263221366453;"2017.01.27 20:36:53";-;
93;https://ok.ru/profile/267264732898;"2017.01.27 20:36:53";-;
94;https://ok.ru/profile/269375500945;"2017.01.27 20:36:53";-;
95;https://ok.ru/profile/271061699359;"2017.01.27 20:36:53";-;
96;https://ok.ru/profile/271139059741;"2017.01.27 20:36:53";-;
97;https://ok.ru/profile/272506703553;"2017.01.27 20:36:53";-;
98;https://ok.ru/profile/276247557368;"2017.01.27 20:36:53";-;
99;https://ok.ru/profile/277772206228;"2017.01.27 20:36:53";-;
100;https://ok.ru/profile/282216616299;"2017.01.27 20:36:53";-;
101;https://ok.ru/profile/287617486411;"2017.01.27 20:36:53";-;
102;https://ok.ru/profile/290144108398;"2017.01.27 20:36:53";-;
103;https://ok.ru/profile/292992538281;"2017.01.27 20:36:53";-;
104;https://ok.ru/profile/295168537591;"2017.01.27 20:36:53";-;
105;https://ok.ru/profile/306153638949;"2017.01.27 20:36:53";-;
106;https://ok.ru/profile/311019840366;"2017.01.27 20:36:53";-;
107;https://ok.ru/profile/312762139460;"2017.01.27 20:36:53";-;
108;https://ok.ru/profile/313323439754;"2017.01.27 20:36:53";-;
109;https://ok.ru/profile/325679795164;"2017.01.27 20:36:53";-;
110;https://ok.ru/profile/325947670678;"2017.01.27 20:36:53";-;
111;https://ok.ru/profile/326754905837;"2017.01.27 20:36:53";-;
112;https://ok.ru/profile/327286166352;"2017.01.27 20:36:53";-;
113;https://ok.ru/profile/328351248729;"2017.01.27 20:36:53";-;
114;https://ok.ru/profile/328544937804;"2017.01.27 20:36:53";-;
115;https://ok.ru/profile/329562492278;"2017.01.27 20:36:53";-;
116;https://ok.ru/profile/330866591664;"2017.01.27 20:36:53";-;
117;https://ok.ru/profile/331091152216;"2017.01.27 20:36:53";-;
118;https://ok.ru/profile/331097098174;"2017.01.27 20:36:53";-;
119;https://ok.ru/profile/331115984625;"2017.01.27 20:36:53";-;
120;https://ok.ru/profile/331261466361;"2017.01.27 20:36:53";-;
121;https://ok.ru/profile/331404820365;"2017.01.27 20:36:53";-;
122;https://ok.ru/profile/331591689836;"2017.01.27 20:36:53";-;
123;https://ok.ru/profile/331775908054;"2017.01.27 20:36:53";-;
124;https://ok.ru/profile/334055528164;"2017.01.27 20:36:53";-;
125;https://ok.ru/profile/334118217390;"2017.01.27 20:36:53";-;
126;https://ok.ru/profile/334248766666;"2017.01.27 20:36:53";-;
127;https://ok.ru/profile/334585228368;"2017.01.27 20:36:53";-;
128;https://ok.ru/profile/334888146641;"2017.01.27 20:36:53";-;
129;https://ok.ru/profile/335324239814;"2017.01.27 20:36:53";-;
130;https://ok.ru/profile/335475447884;"2017.01.27 20:36:53";-;
131;https://ok.ru/profile/335661021336;"2017.01.27 20:36:53";-;
132;https://ok.ru/profile/336681701763;"2017.01.27 20:36:53";-;
133;https://ok.ru/profile/336935132300;"2017.01.27 20:36:53";-;
134;https://ok.ru/profile/338054458951;"2017.01.27 20:36:53";-;
135;https://ok.ru/profile/338295557246;"2017.01.27 20:36:53";-;
136;https://ok.ru/profile/338624247962;"2017.01.27 20:36:53";-;
137;https://ok.ru/profile/339226755235;"2017.01.27 20:36:53";-;
138;https://ok.ru/profile/339590741431;"2017.01.27 20:36:53";-;
139;https://ok.ru/profile/339711282359;"2017.01.27 20:36:53";-;
140;https://ok.ru/profile/340892635526;"2017.01.27 20:36:53";-;
141;https://ok.ru/profile/341019118574;"2017.01.27 20:36:53";-;
142;https://ok.ru/profile/341356073630;"2017.01.27 20:36:53";-;
143;https://ok.ru/profile/342187549126;"2017.01.27 20:36:53";-;
144;https://ok.ru/profile/342523459463;"2017.01.27 20:36:53";-;
145;https://ok.ru/profile/342899097039;"2017.01.27 20:36:53";-;
146;https://ok.ru/profile/345551323782;"2017.01.27 20:36:53";-;
147;https://ok.ru/profile/346218389830;"2017.01.27 20:36:53";-;
148;https://ok.ru/profile/346295648653;"2017.01.27 20:36:53";-;
149;https://ok.ru/profile/346721772375;"2017.01.27 20:36:53";-;
150;https://ok.ru/profile/346807528889;"2017.01.27 20:36:53";-;
151;https://ok.ru/profile/347439107363;"2017.01.27 20:36:53";-;
152;https://ok.ru/profile/347781885246;"2017.01.27 20:36:53";-;
153;https://ok.ru/profile/347993806026;"2017.01.27 20:36:53";-;
154;https://ok.ru/profile/348092248296;"2017.01.27 20:36:53";-;
155;https://ok.ru/profile/348860470253;"2017.01.27 20:36:53";-;
156;https://ok.ru/profile/350863003800;"2017.01.27 20:36:53";-;
157;https://ok.ru/profile/351396451953;"2017.01.27 20:36:53";-;
158;https://ok.ru/profile/351420850685;"2017.01.27 20:36:53";-;
159;https://ok.ru/profile/351590696666;"2017.01.27 20:36:53";-;
160;https://ok.ru/profile/351746325484;"2017.01.27 20:36:53";-;
161;https://ok.ru/profile/351877945123;"2017.01.27 20:36:53";-;
162;https://ok.ru/profile/353167999697;"2017.01.27 20:36:53";-;
163;https://ok.ru/profile/353549105028;"2017.01.27 20:36:53";-;
164;https://ok.ru/profile/355050672348;"2017.01.27 20:36:53";-;
165;https://ok.ru/profile/356196589188;"2017.01.27 20:36:53";-;
166;https://ok.ru/profile/356297986726;"2017.01.27 20:36:53";-;
167;https://ok.ru/profile/358507353241;"2017.01.27 20:36:53";-;
168;https://ok.ru/profile/359676612116;"2017.01.27 20:36:53";-;
169;https://ok.ru/profile/359781162966;"2017.01.27 20:36:53";-;
170;https://ok.ru/profile/359806066337;"2017.01.27 20:36:53";-;
171;https://ok.ru/profile/359839283703;"2017.01.27 20:36:53";-;
172;https://ok.ru/profile/360635962446;"2017.01.27 20:36:53";-;
173;https://ok.ru/profile/360665118886;"2017.01.27 20:36:53";-;
174;https://ok.ru/profile/362384334832;"2017.01.27 20:36:53";-;
175;https://ok.ru/profile/363519622128;"2017.01.27 20:36:53";-;
176;https://ok.ru/profile/363922402571;"2017.01.27 20:36:53";-;
177;https://ok.ru/profile/366395409718;"2017.01.27 20:36:53";-;
178;https://ok.ru/profile/369958474005;"2017.01.27 20:36:53";-;
179;https://ok.ru/profile/374453042476;"2017.01.27 20:36:53";-;
180;https://ok.ru/profile/375812066806;"2017.01.27 20:36:53";-;
181;https://ok.ru/profile/376517124744;"2017.01.27 20:36:53";-;
182;https://ok.ru/profile/376782636290;"2017.01.27 20:36:53";-;
183;https://ok.ru/profile/377759792402;"2017.01.27 20:36:53";-;
184;https://ok.ru/profile/378599641398;"2017.01.27 20:36:53";-;
185;https://ok.ru/profile/380588316932;"2017.01.27 20:36:53";-;
186;https://ok.ru/profile/382647926713;"2017.01.27 20:36:53";-;
187;https://ok.ru/profile/383662734576;"2017.01.27 20:36:53";-;
188;https://ok.ru/profile/385728798624;"2017.01.27 20:36:53";-;
189;https://ok.ru/profile/386368787739;"2017.01.27 20:36:53";-;
190;https://ok.ru/profile/388258089254;"2017.01.27 20:36:53";-;
191;https://ok.ru/profile/390890246065;"2017.01.27 20:36:53";-;
192;https://ok.ru/profile/395089423188;"2017.01.27 20:36:53";-;
193;https://ok.ru/profile/397639273579;"2017.01.27 20:36:53";-;
194;https://ok.ru/profile/403023096809;"2017.01.27 20:36:53";-;
195;https://ok.ru/profile/407980655215;"2017.01.27 20:36:53";-;
196;https://ok.ru/profile/425737440525;"2017.01.27 20:36:53";-;
197;https://ok.ru/profile/427923275644;"2017.01.27 20:36:53";-;
198;https://ok.ru/profile/434033959324;"2017.01.27 20:36:53";-;
199;https://ok.ru/profile/437317713491;"2017.01.27 20:36:53";-;
200;https://ok.ru/profile/437857128032;"2017.01.27 20:36:53";-;
201;https://ok.ru/profile/439213210983;"2017.01.27 20:36:53";-;
202;https://ok.ru/profile/439584128215;"2017.01.27 20:36:53";-;
203;https://ok.ru/profile/441574356294;"2017.01.27 20:36:53";-;
204;https://ok.ru/profile/441966271106;"2017.01.27 20:36:53";-;
205;https://ok.ru/profile/442770509024;"2017.01.27 20:36:53";-;
206;https://ok.ru/profile/443534707393;"2017.01.27 20:36:53";-;
207;https://ok.ru/profile/444955440812;"2017.01.27 20:36:53";-;
208;https://ok.ru/profile/445030855909;"2017.01.27 20:36:53";-;
209;https://ok.ru/profile/446348837821;"2017.01.27 20:36:53";-;
210;https://ok.ru/profile/447028360525;"2017.01.27 20:36:53";-;
211;https://ok.ru/profile/447271106213;"2017.01.27 20:36:53";-;
212;https://ok.ru/profile/447620441522;"2017.01.27 20:36:53";-;
213;https://ok.ru/profile/449638167497;"2017.01.27 20:36:53";-;
214;https://ok.ru/profile/451992476583;"2017.01.27 20:36:53";-;
215;https://ok.ru/profile/452206526382;"2017.01.27 20:36:53";-;
216;https://ok.ru/profile/452357864035;"2017.01.27 20:36:53";-;
217;https://ok.ru/profile/452557370530;"2017.01.27 20:36:53";-;
218;https://ok.ru/profile/452984540428;"2017.01.27 20:36:53";-;
219;https://ok.ru/profile/453388537445;"2017.01.27 20:36:53";-;
220;https://ok.ru/profile/454084522600;"2017.01.27 20:36:53";-;
221;https://ok.ru/profile/456669502184;"2017.01.27 20:36:53";-;
222;https://ok.ru/profile/456877349218;"2017.01.27 20:36:53";-;
223;https://ok.ru/profile/457184257919;"2017.01.27 20:36:53";-;
224;https://ok.ru/profile/457273137510;"2017.01.27 20:36:53";-;
225;https://ok.ru/profile/457340949464;"2017.01.27 20:36:53";-;
226;https://ok.ru/profile/457759597159;"2017.01.27 20:36:53";-;
227;https://ok.ru/profile/458735081831;"2017.01.27 20:36:53";-;
228;https://ok.ru/profile/459219411165;"2017.01.27 20:36:53";-;
229;https://ok.ru/profile/459545827704;"2017.01.27 20:36:53";-;
230;https://ok.ru/profile/459563526342;"2017.01.27 20:36:53";-;
231;https://ok.ru/profile/460178460157;"2017.01.27 20:36:53";-;
232;https://ok.ru/profile/461209443474;"2017.01.27 20:36:53";-;
233;https://ok.ru/profile/461377244517;"2017.01.27 20:36:53";-;
234;https://ok.ru/profile/461406868639;"2017.01.27 20:36:53";-;
235;https://ok.ru/profile/461577437880;"2017.01.27 20:36:53";-;
236;https://ok.ru/profile/463370995107;"2017.01.27 20:36:53";-;
237;https://ok.ru/profile/463599045731;"2017.01.27 20:36:53";-;
238;https://ok.ru/profile/463655007309;"2017.01.27 20:36:53";-;
239;https://ok.ru/profile/466275886812;"2017.01.27 20:36:53";-;
240;https://ok.ru/profile/467707357666;"2017.01.27 20:36:53";-;
241;https://ok.ru/profile/467707493879;"2017.01.27 20:36:53";-;
242;https://ok.ru/profile/467778721181;"2017.01.27 20:36:53";-;
243;https://ok.ru/profile/468055695822;"2017.01.27 20:36:53";-;
244;https://ok.ru/profile/468404495427;"2017.01.27 20:36:53";-;
245;https://ok.ru/profile/468487304410;"2017.01.27 20:36:53";-;
246;https://ok.ru/profile/469330877455;"2017.01.27 20:36:53";-;
247;https://ok.ru/profile/470027063456;"2017.01.27 20:36:53";-;
248;https://ok.ru/profile/470762251244;"2017.01.27 20:36:53";-;
249;https://ok.ru/profile/470806815466;"2017.01.27 20:36:53";-;
250;https://ok.ru/profile/471227781528;"2017.01.27 20:36:53";-;
251;https://ok.ru/profile/471363913049;"2017.01.27 20:36:53";-;
252;https://ok.ru/profile/471556236382;"2017.01.27 20:36:53";-;
253;https://ok.ru/profile/471818392906;"2017.01.27 20:36:53";-;
254;https://ok.ru/profile/471968487570;"2017.01.27 20:36:53";-;
255;https://ok.ru/profile/472164212593;"2017.01.27 20:36:53";-;
256;https://ok.ru/profile/472679586994;"2017.01.27 20:36:53";-;
257;https://ok.ru/profile/472942430362;"2017.01.27 20:36:53";-;
258;https://ok.ru/profile/473068460842;"2017.01.27 20:36:53";-;
259;https://ok.ru/profile/473071736260;"2017.01.27 20:36:53";-;
260;https://ok.ru/profile/473266278088;"2017.01.27 20:36:53";-;
261;https://ok.ru/profile/473548407196;"2017.01.27 20:36:53";-;
262;https://ok.ru/profile/474201225410;"2017.01.27 20:36:53";-;
263;https://ok.ru/profile/474532660961;"2017.01.27 20:36:53";-;
264;https://ok.ru/profile/475045507872;"2017.01.27 20:36:53";-;
265;https://ok.ru/profile/475078812175;"2017.01.27 20:36:53";-;
266;https://ok.ru/profile/475308225737;"2017.01.27 20:36:53";-;
267;https://ok.ru/profile/476009758142;"2017.01.27 20:36:53";-;
268;https://ok.ru/profile/476027336208;"2017.01.27 20:36:53";-;
269;https://ok.ru/profile/477405086155;"2017.01.27 20:36:53";-;
270;https://ok.ru/profile/477686858439;"2017.01.27 20:36:53";-;
271;https://ok.ru/profile/477978009113;"2017.01.27 20:36:53";-;
272;https://ok.ru/profile/478462619021;"2017.01.27 20:36:53";-;
273;https://ok.ru/profile/478516322113;"2017.01.27 20:36:53";-;
274;https://ok.ru/profile/480034446089;"2017.01.27 20:36:53";-;
275;https://ok.ru/profile/480989774923;"2017.01.27 20:36:53";-;
276;https://ok.ru/profile/481843678027;"2017.01.27 20:36:53";-;
277;https://ok.ru/profile/483690779715;"2017.01.27 20:36:53";-;
278;https://ok.ru/profile/484841524939;"2017.01.27 20:36:53";-;
279;https://ok.ru/profile/485429471995;"2017.01.27 20:36:53";-;
280;https://ok.ru/profile/485558599931;"2017.01.27 20:36:53";-;
281;https://ok.ru/profile/486544999396;"2017.01.27 20:36:53";-;
282;https://ok.ru/profile/486715779086;"2017.01.27 20:36:53";-;
283;https://ok.ru/profile/487816242638;"2017.01.27 20:36:53";-;
284;https://ok.ru/profile/488756890136;"2017.01.27 20:36:53";-;
285;https://ok.ru/profile/488994785504;"2017.01.27 20:36:53";-;
286;https://ok.ru/profile/489425551532;"2017.01.27 20:36:53";-;
287;https://ok.ru/profile/489619431444;"2017.01.27 20:36:53";-;
288;https://ok.ru/profile/490773034434;"2017.01.27 20:36:53";-;
289;https://ok.ru/profile/490903445083;"2017.01.27 20:36:53";-;
290;https://ok.ru/profile/491329625087;"2017.01.27 20:36:53";-;
291;https://ok.ru/profile/492044192585;"2017.01.27 20:36:53";-;
292;https://ok.ru/profile/492573916384;"2017.01.27 20:36:53";-;
293;https://ok.ru/profile/493791961627;"2017.01.27 20:36:53";-;
294;https://ok.ru/profile/494458537387;"2017.01.27 20:36:53";-;
295;https://ok.ru/profile/495538006929;"2017.01.27 20:36:53";-;
296;https://ok.ru/profile/495803472150;"2017.01.27 20:36:53";-;
297;https://ok.ru/profile/496766692751;"2017.01.27 20:36:53";-;
298;https://ok.ru/profile/496801050131;"2017.01.27 20:36:53";-;
299;https://ok.ru/profile/497017316857;"2017.01.27 20:36:53";-;
300;https://ok.ru/profile/497095995052;"2017.01.27 20:36:53";-;
301;https://ok.ru/profile/497998140646;"2017.01.27 20:36:53";-;
302;https://ok.ru/profile/498657172193;"2017.01.27 20:36:53";-;
303;https://ok.ru/profile/499111984533;"2017.01.27 20:36:53";-;
304;https://ok.ru/profile/499256833329;"2017.01.27 20:36:53";-;
305;https://ok.ru/profile/500282908207;"2017.01.27 20:36:53";-;
306;https://ok.ru/profile/504242219132;"2017.01.27 20:36:53";-;
307;https://ok.ru/profile/504611871388;"2017.01.27 20:36:53";-;
308;https://ok.ru/profile/505843409571;"2017.01.27 20:36:53";-;
309;https://ok.ru/profile/505991149686;"2017.01.27 20:36:53";-;
310;https://ok.ru/profile/506468321365;"2017.01.27 20:36:53";-;
311;https://ok.ru/profile/506590102496;"2017.01.27 20:36:53";-;
312;https://ok.ru/profile/507487308007;"2017.01.27 20:36:53";-;
313;https://ok.ru/profile/507899687637;"2017.01.27 20:36:53";-;
314;https://ok.ru/profile/507909278338;"2017.01.27 20:36:53";-;
315;https://ok.ru/profile/507918540615;"2017.01.27 20:36:53";-;
316;https://ok.ru/profile/507930052050;"2017.01.27 20:36:53";-;
317;https://ok.ru/profile/508167592149;"2017.01.27 20:36:53";-;
318;https://ok.ru/profile/508321048198;"2017.01.27 20:36:53";-;
319;https://ok.ru/profile/508488785118;"2017.01.27 20:36:53";-;
320;https://ok.ru/profile/508693917197;"2017.01.27 20:36:53";-;
321;https://ok.ru/profile/509086509204;"2017.01.27 20:36:53";-;
322;https://ok.ru/profile/509118567267;"2017.01.27 20:36:53";-;
323;https://ok.ru/profile/509140268366;"2017.01.27 20:36:53";-;
324;https://ok.ru/profile/509156592796;"2017.01.27 20:36:53";-;
325;https://ok.ru/profile/509392407106;"2017.01.27 20:36:53";-;
326;https://ok.ru/profile/509533208061;"2017.01.27 20:36:53";-;
327;https://ok.ru/profile/509582778972;"2017.01.27 20:36:53";-;
328;https://ok.ru/profile/509842339687;"2017.01.27 20:36:53";-;
329;https://ok.ru/profile/509946196592;"2017.01.27 20:36:53";-;
330;https://ok.ru/profile/509962962012;"2017.01.27 20:36:53";-;
331;https://ok.ru/profile/327441291366;"2017.01.27 20:40:48";-;
332;https://ok.ru/profile/329481817316;"2017.01.27 20:40:48";-;
333;https://ok.ru/profile/392698760991;"2017.01.27 20:40:48";-;
334;https://ok.ru/profile/438815193648;"2017.01.27 20:40:48";-;
335;https://ok.ru/profile/444421161955;"2017.01.27 20:40:48";-;
336;https://ok.ru/profile/446230124748;"2017.01.27 20:40:48";-;
337;https://ok.ru/profile/471575247660;"2017.01.27 20:40:48";-;
338;https://ok.ru/profile/500673996725;"2017.01.27 20:40:48";-;
339;https://ok.ru/profile/506000589010;"2017.01.27 20:40:48";-;
340;https://ok.ru/profile/511843675350;"2017.01.27 20:40:48";-;
341;https://ok.ru/profile/514838602480;"2017.01.27 20:40:48";-;
342;https://ok.ru/profile/522781062518;"2017.01.27 20:40:48";-;
343;https://ok.ru/profile/525057967142;"2017.01.27 20:40:48";-;
344;https://ok.ru/profile/527007309103;"2017.01.27 20:40:48";-;
345;https://ok.ru/profile/529085836013;"2017.01.27 20:40:48";-;
346;https://ok.ru/profile/529236618864;"2017.01.27 20:40:48";-;
347;https://ok.ru/profile/532820819732;"2017.01.27 20:40:48";-;
348;https://ok.ru/profile/535433391638;"2017.01.27 20:40:48";-;
349;https://ok.ru/profile/535814710076;"2017.01.27 20:40:48";-;
350;https://ok.ru/profile/550327825735;"2017.01.27 20:40:48";-;
351;https://ok.ru/profile/554948516737;"2017.01.27 20:40:48";-;
352;https://ok.ru/profile/554977212480;"2017.01.27 20:40:48";-;
353;https://ok.ru/profile/555315640758;"2017.01.27 20:40:48";-;
354;https://ok.ru/profile/555562245488;"2017.01.27 20:40:48";-;
355;https://ok.ru/profile/556552884108;"2017.01.27 20:40:48";-;
356;https://ok.ru/profile/556962803791;"2017.01.27 20:40:48";-;
357;https://ok.ru/profile/557030990004;"2017.01.27 20:40:48";-;
358;https://ok.ru/profile/557328684227;"2017.01.27 20:40:48";-;
359;https://ok.ru/profile/557955368011;"2017.01.27 20:40:48";-;
360;https://ok.ru/profile/558987847113;"2017.01.27 20:40:48";-;
361;https://ok.ru/profile/559896838034;"2017.01.27 20:40:48";-;
362;https://ok.ru/profile/560514025380;"2017.01.27 20:40:48";-;
363;https://ok.ru/profile/561119772112;"2017.01.27 20:40:48";-;
364;https://ok.ru/profile/561174321770;"2017.01.27 20:40:48";-;
365;https://ok.ru/profile/562644439988;"2017.01.27 20:40:48";-;
366;https://ok.ru/profile/564377718469;"2017.01.27 20:40:48";-;
367;https://ok.ru/profile/564536128691;"2017.01.27 20:40:48";-;
368;https://ok.ru/profile/567660613576;"2017.01.27 20:40:48";-;
369;https://ok.ru/profile/568636647768;"2017.01.27 20:40:48";-;
370;https://ok.ru/profile/570492400620;"2017.01.27 20:40:48";-;
371;https://ok.ru/profile/570543632671;"2017.01.27 20:40:48";-;
372;https://ok.ru/profile/571289190203;"2017.01.27 20:40:48";-;
373;https://ok.ru/profile/575145359128;"2017.01.27 20:40:48";-;
374;https://ok.ru/profile/575694072103;"2017.01.27 20:40:48";-;
375;https://ok.ru/profile/575847098915;"2017.01.27 20:40:48";-;
376;https://ok.ru/profile/576276765468;"2017.01.27 20:40:48";-;
377;https://ok.ru/profile/578551678490;"2017.01.27 20:40:48";-;
